Date,Low,Open,Volume,High,Close,Adjusted Close
04-04-2019,26.729999542236328,27.149999618530277,2965400,27.450000762939453,27.3799991607666,26.95150756835937
05-04-2019,27.420000076293945,27.530000686645508,2905400,28.209999084472656,28.200000762939453,27.758676528930664
08-04-2019,28.06999969482422,28.239999771118164,3108700,28.649999618530277,28.31999969482422,27.87679672241211
09-04-2019,27.780000686645508,28.229999542236328,2175400,28.280000686645508,28.030000686645508,27.59133720397949
10-04-2019,27.81999969482422,27.940000534057617,2976500,28.809999465942383,28.68000030517578,28.231164932250977
11-04-2019,28.489999771118164,28.71999931335449,4932300,29.3700008392334,29.32999992370605,28.870988845825195
12-04-2019,26.809999465942383,28.290000915527344,9527000,28.690000534057617,26.8700008392334,26.44949150085449
15-04-2019,26.65999984741211,26.700000762939453,6587800,28.309999465942383,27.530000686645508,27.099159240722656
16-04-2019,26.59000015258789,27.670000076293945,3521800,27.729999542236328,27.18000030517578,26.754638671875
17-04-2019,27.13999938964844,27.309999465942383,2474500,27.6299991607666,27.25,26.823543548583984
18-04-2019,26.6299991607666,27.34000015258789,2826600,27.76000022888184,26.96999931335449,26.547924041748047
22-04-2019,27.01000022888184,27.3799991607666,2953700,27.799999237060547,27.739999771118164,27.30587387084961
23-04-2019,27.729999542236328,27.84000015258789,3023100,28.15999984741211,27.899999618530277,27.46337127685547
24-04-2019,26.46999931335449,27.709999084472656,2477200,27.8799991607666,26.489999771118164,26.075437545776367
25-04-2019,26.07999992370605,26.36000061035156,5038400,26.63999938964844,26.440000534057617,26.026220321655277
26-04-2019,25.440000534057617,25.940000534057617,9334900,28.6200008392334,27.399999618530277,26.971195220947266
29-04-2019,27.07999992370605,27.350000381469727,3316900,28.06999969482422,27.75,27.31571578979492
30-04-2019,25.8799991607666,27.920000076293945,6612800,27.920000076293945,26.13999938964844,25.730913162231445
01-05-2019,24.8799991607666,26.049999237060547,4646800,26.229999542236328,24.920000076293945,24.530004501342773
02-05-2019,24.040000915527344,24.75,7402200,25.030000686645508,24.950000762939453,24.55953788757324
03-05-2019,25.1299991607666,25.25,4287400,25.6200008392334,25.40999984741211,25.012338638305664
06-05-2019,24.93000030517578,25.09000015258789,8660000,25.84000015258789,25.700000762939453,25.297801971435547
07-05-2019,25.18000030517578,25.38999938964844,4066800,25.56999969482422,25.350000381469727,24.953275680541992
08-05-2019,24.36000061035156,25.350000381469727,4620100,25.36000061035156,24.81999969482422,24.431570053100582
09-05-2019,24.450000762939453,24.540000915527344,4274400,25.149999618530277,25.11000061035156,24.71703338623047
10-05-2019,24.709999084472656,25.030000686645508,5086300,25.09000015258789,24.899999618530277,24.51031875610352
13-05-2019,23.420000076293945,24.649999618530277,5043600,24.649999618530277,23.729999542236328,23.358631134033203
14-05-2019,23.88999938964844,23.979999542236328,2463400,24.709999084472656,24.3799991607666,23.99845695495605
15-05-2019,23.850000381469727,24.049999237060547,3379800,24.770000457763672,24.709999084472656,24.32329368591309
16-05-2019,24.61000061035156,24.8799991607666,2099700,25.020000457763672,24.75,24.3626708984375
17-05-2019,23.88999938964844,24.399999618530277,2113800,24.600000381469727,23.950000762939453,23.57518768310547
20-05-2019,23.700000762939453,23.850000381469727,2943500,24.1299991607666,24.1299991607666,23.752368927001957
21-05-2019,23.979999542236328,24.200000762939453,3734400,24.420000076293945,24.100000381469727,23.72283744812012
22-05-2019,22.6299991607666,23.790000915527344,4199000,23.8700008392334,23.1299991607666,22.76801872253418
23-05-2019,21.670000076293945,22.459999084472656,13161300,22.459999084472656,22.11000061035156,21.76398468017578
24-05-2019,22.1200008392334,22.34000015258789,4855800,22.51000022888184,22.38999938964844,22.039600372314453
28-05-2019,21.82999992370605,22.51000022888184,3873800,22.51000022888184,21.899999618530277,21.557268142700195
29-05-2019,21.21999931335449,21.5,3097000,21.739999771118164,21.65999984741211,21.321025848388672
30-05-2019,20.86000061035156,21.56999969482422,4513100,21.729999542236328,21.06999969482422,20.740259170532227
31-05-2019,20.3799991607666,20.600000381469727,4156600,21.07999992370605,20.850000381469727,20.52370262145996
03-06-2019,20.780000686645508,21.01000022888184,4133300,21.5,21.21999931335449,20.887910842895508
04-06-2019,21.11000061035156,21.61000061035156,3162300,21.6200008392334,21.31999969482422,20.98634910583496
05-06-2019,20.13999938964844,21.229999542236328,4971100,21.26000022888184,20.57999992370605,20.2579288482666
06-06-2019,20.32999992370605,20.59000015258789,7279700,20.84000015258789,20.770000457763672,20.44495391845703
07-06-2019,20.530000686645508,20.88999938964844,3330500,21.11000061035156,20.850000381469727,20.52370262145996
10-06-2019,20.809999465942383,20.989999771118164,5312300,21.18000030517578,20.979999542236328,20.65166664123535
11-06-2019,21.15999984741211,21.229999542236328,3516600,21.71999931335449,21.299999237060547,20.96665954589844
12-06-2019,20.489999771118164,20.979999542236328,4992600,21.18000030517578,20.540000915527344,20.21855354309082
13-06-2019,20.61000061035156,20.88999938964844,4999200,21.190000534057617,20.71999931335449,20.44550323486328
14-06-2019,19.56999969482422,20.670000076293945,6272800,20.850000381469727,20.0,19.73504638671875
17-06-2019,19.6200008392334,19.84000015258789,4511800,20.56999969482422,20.34000015258789,20.070541381835938
18-06-2019,20.26000022888184,20.34000015258789,4459800,20.809999465942383,20.63999938964844,20.36656379699707
19-06-2019,20.51000022888184,20.71999931335449,3479800,21.09000015258789,20.809999465942383,20.53431510925293
20-06-2019,21.31999969482422,21.31999969482422,5086500,21.93000030517578,21.71999931335449,21.43225860595703
21-06-2019,21.239999771118164,21.739999771118164,6418500,21.979999542236328,21.31999969482422,21.03755760192871
24-06-2019,21.15999984741211,21.26000022888184,4084000,21.479999542236328,21.270000457763672,20.98821830749512
25-06-2019,20.93000030517578,21.18000030517578,4438000,21.3799991607666,21.239999771118164,20.958616256713867
26-06-2019,21.40999984741211,21.559999465942383,3726800,22.040000915527344,21.57999992370605,21.294113159179688
27-06-2019,21.299999237060547,21.61000061035156,3233200,21.690000534057617,21.43000030517578,21.146100997924805
28-06-2019,21.489999771118164,21.489999771118164,5070500,22.229999542236328,22.229999542236328,21.93550109863281
01-07-2019,22.1200008392334,22.75,6277600,23.059999465942383,22.229999542236328,21.93550109863281
02-07-2019,21.6299991607666,22.229999542236328,4234900,22.229999542236328,21.770000457763672,21.481595993041992
03-07-2019,21.420000076293945,21.850000381469727,1354600,21.93000030517578,21.780000686645508,21.49146270751953
05-07-2019,21.6200008392334,21.65999984741211,1612600,22.049999237060547,21.940000534057617,21.64934539794922
08-07-2019,21.61000061035156,21.86000061035156,2544700,22.100000381469727,21.82999992370605,21.540802001953125
09-07-2019,21.43000030517578,21.6200008392334,3316800,21.75,21.520000457763672,21.234909057617188
10-07-2019,21.63999938964844,21.71999931335449,2911100,22.15999984741211,22.09000015258789,21.7973575592041
11-07-2019,21.989999771118164,22.149999618530277,4157500,22.5,22.020000457763672,21.72828483581543
12-07-2019,21.899999618530277,22.149999618530277,4233200,22.350000381469727,21.940000534057617,21.64934539794922
15-07-2019,21.350000381469727,21.790000915527344,5618000,21.850000381469727,21.5,21.215171813964844
16-07-2019,21.229999542236328,21.440000534057617,5273200,21.93000030517578,21.32999992370605,21.047426223754883
17-07-2019,20.71999931335449,21.290000915527344,3505300,21.290000915527344,20.790000915527344,20.51457977294922
18-07-2019,20.34000015258789,20.600000381469727,2692800,20.76000022888184,20.739999771118164,20.465238571166992
19-07-2019,20.520000457763672,20.739999771118164,4246200,21.209999084472656,20.989999771118164,20.71192741394043
22-07-2019,20.93000030517578,21.15999984741211,4389000,21.59000015258789,21.25,20.968482971191406
23-07-2019,21.1200008392334,21.32999992370605,5972500,21.899999618530277,21.84000015258789,21.550670623779297
24-07-2019,21.82999992370605,21.84000015258789,3567700,22.229999542236328,22.030000686645508,21.73815155029297
25-07-2019,21.21999931335449,22.149999618530277,4916400,22.229999542236328,21.450000762939453,21.165834426879883
26-07-2019,21.36000061035156,21.450000762939453,4612900,21.809999465942383,21.71999931335449,21.43225860595703
29-07-2019,20.6299991607666,21.65999984741211,5581400,21.65999984741211,20.68000030517578,20.406036376953125
30-07-2019,19.700000762939453,20.959999084472656,15818300,23.190000534057617,23.020000457763672,22.715036392211918
31-07-2019,23.5,23.940000534057617,10882500,24.88999938964844,23.81999969482422,23.504438400268555
01-08-2019,22.07999992370605,23.479999542236328,6599600,23.479999542236328,22.440000534057617,22.14272117614746
02-08-2019,21.61000061035156,22.540000915527344,7434600,22.729999542236328,22.09000015258789,21.7973575592041
05-08-2019,21.1200008392334,21.520000457763672,4611900,21.84000015258789,21.739999771118164,21.451993942260746
06-08-2019,20.82999992370605,21.790000915527344,3311800,22.049999237060547,21.309999465942383,21.02769088745117
07-08-2019,20.06999969482422,20.770000457763672,5068300,20.8799991607666,20.59000015258789,20.317228317260746
08-08-2019,20.15999984741211,20.63999938964844,4229200,20.8700008392334,20.84000015258789,20.563915252685547
09-08-2019,20.01000022888184,20.8799991607666,4230400,20.959999084472656,20.07999992370605,19.813983917236328
12-08-2019,19.88999938964844,20.200000762939453,3721900,20.43000030517578,20.18000030517578,19.91265869140625
13-08-2019,19.93000030517578,20.06999969482422,3299900,20.88999938964844,20.3799991607666,20.110010147094727
14-08-2019,18.690000534057617,19.76000022888184,4851400,19.799999237060547,18.739999771118164,18.491735458374023
15-08-2019,18.049999237060547,18.5,4871400,18.61000061035156,18.280000686645508,18.03783226013184
16-08-2019,18.239999771118164,18.3700008392334,3649200,18.790000915527344,18.63999938964844,18.39305877685547
19-08-2019,18.850000381469727,19.0,3818400,19.43000030517578,19.309999465942383,19.05418586730957
20-08-2019,18.65999984741211,19.1299991607666,3099900,19.170000076293945,18.8799991607666,18.629880905151367
21-08-2019,19.01000022888184,19.040000915527344,2500900,19.3799991607666,19.07999992370605,18.82723045349121
22-08-2019,19.170000076293945,19.25,3484400,19.6200008392334,19.31999969482422,19.06405258178711
23-08-2019,18.61000061035156,18.899999618530277,5497000,19.350000381469727,18.709999084472656,18.462135314941406
26-08-2019,18.59000015258789,19.049999237060547,2920300,19.15999984741211,18.68000030517578,18.432531356811523
27-08-2019,18.420000076293945,18.90999984741211,3062900,18.979999542236328,18.459999084472656,18.21544647216797
28-08-2019,18.290000915527344,18.46999931335449,3487200,19.239999771118164,19.170000076293945,18.916038513183597
29-08-2019,19.36000061035156,19.3799991607666,4869700,20.3799991607666,20.100000381469727,19.833721160888672
30-08-2019,20.049999237060547,20.280000686645508,3895600,20.63999938964844,20.43000030517578,20.159347534179688
03-09-2019,19.6200008392334,19.90999984741211,5089400,20.670000076293945,20.6200008392334,20.346830368041992
04-09-2019,20.559999465942383,20.979999542236328,4189500,21.18000030517578,20.690000534057617,20.415903091430664
05-09-2019,21.049999237060547,21.15999984741211,4940100,22.149999618530277,22.0,21.70854759216309
06-09-2019,21.3700008392334,21.780000686645508,4390600,22.21999931335449,22.170000076293945,21.876296997070312
09-09-2019,22.3700008392334,22.450000762939453,5808100,23.959999084472656,23.959999084472656,23.642581939697266
10-09-2019,23.63999938964844,24.21999931335449,6345600,24.770000457763672,23.739999771118164,23.42549705505371
11-09-2019,23.32999992370605,23.82999992370605,6649200,24.399999618530277,24.040000915527344,23.721525192260746
12-09-2019,22.5,23.1200008392334,5461400,23.399999618530277,23.100000381469727,22.841482162475582
13-09-2019,22.6200008392334,23.46999931335449,4530700,23.82999992370605,22.809999465942383,22.55472755432129
16-09-2019,23.290000915527344,24.6299991607666,5406600,24.959999084472656,23.38999938964844,23.128236770629883
17-09-2019,22.170000076293945,23.11000061035156,3878700,23.190000534057617,22.649999618530277,22.39651870727539
18-09-2019,21.739999771118164,22.1299991607666,3883400,22.979999542236328,22.940000534057617,22.683273315429688
19-09-2019,22.8700008392334,23.229999542236328,3892400,23.3700008392334,22.88999938964844,22.633832931518555
20-09-2019,22.34000015258789,23.0,5515200,23.100000381469727,22.559999465942383,22.307525634765625
23-09-2019,22.25,22.25,2497500,22.850000381469727,22.690000534057617,22.436071395874023
24-09-2019,21.280000686645508,22.530000686645508,3325400,22.530000686645508,21.559999465942383,21.318716049194336
25-09-2019,21.229999542236328,21.31999969482422,4155100,22.34000015258789,22.280000686645508,22.03066062927246
26-09-2019,21.6200008392334,22.059999465942383,3786300,22.200000762939453,22.06999969482422,21.8230094909668
27-09-2019,21.51000022888184,21.81999969482422,2911500,22.350000381469727,22.040000915527344,21.79334831237793
30-09-2019,21.059999465942383,21.86000061035156,5556300,21.86000061035156,21.200000762939453,20.96274757385254
01-10-2019,20.68000030517578,21.350000381469727,3604400,21.68000030517578,20.86000061035156,20.62655067443848
02-10-2019,20.399999618530277,20.86000061035156,3910900,21.049999237060547,20.46999931335449,20.240915298461918
03-10-2019,20.18000030517578,20.309999465942383,3109000,20.96999931335449,20.920000076293945,20.685880661010746
04-10-2019,20.670000076293945,20.950000762939453,3473900,21.09000015258789,21.040000915527344,20.80453872680664
07-10-2019,20.670000076293945,21.059999465942383,3260300,21.36000061035156,20.690000534057617,20.45845413208008
08-10-2019,20.25,20.420000076293945,3018500,20.90999984741211,20.280000686645508,20.053041458129883
09-10-2019,19.90999984741211,20.51000022888184,2915600,20.559999465942383,20.190000534057617,19.96404838562012
10-10-2019,20.290000915527344,20.31999969482422,2693500,20.8799991607666,20.68000030517578,20.44856834411621
11-10-2019,20.86000061035156,21.01000022888184,3276100,21.32999992370605,21.18000030517578,20.942970275878903
14-10-2019,20.420000076293945,20.8700008392334,2366900,21.200000762939453,21.09000015258789,20.85397720336914
15-10-2019,20.88999938964844,21.06999969482422,2989100,21.61000061035156,21.209999084472656,20.972633361816406
16-10-2019,20.940000534057617,21.239999771118164,2926300,21.489999771118164,21.01000022888184,20.774873733520508
17-10-2019,20.520000457763672,21.100000381469727,4516400,21.1299991607666,20.540000915527344,20.31013298034668
18-10-2019,20.06999969482422,20.6299991607666,4312800,21.1200008392334,20.11000061035156,19.88494300842285
21-10-2019,20.15999984741211,20.18000030517578,3012700,20.940000534057617,20.76000022888184,20.52766990661621
22-10-2019,20.600000381469727,20.940000534057617,5649900,21.65999984741211,21.540000915527344,21.29894256591797
23-10-2019,21.06999969482422,21.479999542236328,3172400,21.920000076293945,21.63999938964844,21.39781951904297
24-10-2019,20.36000061035156,21.670000076293945,4549700,21.790000915527344,20.729999542236328,20.49800491333008
25-10-2019,20.420000076293945,20.649999618530277,4139500,20.940000534057617,20.850000381469727,20.616661071777344
28-10-2019,20.61000061035156,20.90999984741211,4719600,21.190000534057617,20.959999084472656,20.725431442260746
29-10-2019,22.149999618530277,22.40999984741211,10866400,24.489999771118164,23.82999992370605,23.56331443786621
30-10-2019,22.43000030517578,24.01000022888184,7245800,24.38999938964844,22.65999984741211,22.406408309936523
31-10-2019,22.149999618530277,22.540000915527344,3995700,22.739999771118164,22.6200008392334,22.36685562133789
01-11-2019,22.649999618530277,22.86000061035156,3496000,23.18000030517578,23.149999618530277,22.89092254638672
04-11-2019,23.309999465942383,23.459999084472656,3907300,24.040000915527344,24.020000457763672,23.75118827819824
05-11-2019,23.809999465942383,24.200000762939453,5122800,24.479999542236328,24.149999618530277,23.879732131958008
06-11-2019,23.309999465942383,23.940000534057617,3222700,23.940000534057617,23.6299991607666,23.365550994873047
07-11-2019,23.26000022888184,23.93000030517578,3634600,24.229999542236328,23.32999992370605,23.068910598754883
08-11-2019,22.709999084472656,22.989999771118164,2696700,23.57999992370605,23.3799991607666,23.11834716796875
11-11-2019,22.649999618530277,22.959999084472656,2480700,23.200000762939453,23.07999992370605,22.821706771850582
12-11-2019,22.489999771118164,23.020000457763672,2552100,23.3799991607666,22.68000030517578,22.426183700561523
13-11-2019,22.190000534057617,22.540000915527344,1611800,22.65999984741211,22.350000381469727,22.099876403808597
14-11-2019,22.030000686645508,22.399999618530277,2097300,22.729999542236328,22.09000015258789,21.842788696289062
15-11-2019,21.940000534057617,22.209999084472656,2597100,22.420000076293945,22.280000686645508,22.03066062927246
18-11-2019,21.420000076293945,22.040000915527344,2296800,22.040000915527344,21.6200008392334,21.3780460357666
19-11-2019,21.07999992370605,21.549999237060547,2082900,21.559999465942383,21.11000061035156,20.873754501342773
20-11-2019,20.959999084472656,21.170000076293945,2756500,21.770000457763672,21.36000061035156,21.12095642089844
21-11-2019,21.21999931335449,21.600000381469727,2755700,21.84000015258789,21.780000686645508,21.536256790161133
22-11-2019,21.63999938964844,21.88999938964844,2378900,22.149999618530277,21.799999237060547,21.556032180786133
25-11-2019,21.5,21.739999771118164,4657000,22.709999084472656,22.600000381469727,22.347078323364254
26-11-2019,22.25,22.59000015258789,4190400,22.61000061035156,22.38999938964844,22.139427185058597
27-11-2019,22.290000915527344,22.420000076293945,2557300,22.88999938964844,22.780000686645508,22.525066375732425
29-11-2019,22.350000381469727,22.57999992370605,1982600,22.770000457763672,22.549999237060547,22.29763603210449
02-12-2019,22.59000015258789,22.709999084472656,7754200,23.31999969482422,23.049999237060547,22.79203987121582
03-12-2019,22.030000686645508,22.530000686645508,5253500,22.6299991607666,22.11000061035156,21.862564086914062
04-12-2019,22.11000061035156,22.3700008392334,2826900,23.01000022888184,22.75,22.49540138244629
05-12-2019,22.36000061035156,22.8700008392334,2184700,22.979999542236328,22.56999969482422,22.3665714263916
06-12-2019,22.63999938964844,22.63999938964844,2608900,23.399999618530277,23.36000061035156,23.149452209472656
09-12-2019,23.040000915527344,23.170000076293945,2658500,23.3799991607666,23.049999237060547,22.84224319458008
10-12-2019,23.01000022888184,23.13999938964844,2657000,23.729999542236328,23.420000076293945,23.20890998840332
11-12-2019,23.350000381469727,23.450000762939453,2182900,23.82999992370605,23.649999618530277,23.43683624267578
12-12-2019,23.6299991607666,23.81999969482422,3365800,24.440000534057617,24.13999938964844,23.922420501708984
13-12-2019,23.670000076293945,24.229999542236328,4355600,24.290000915527344,23.799999237060547,23.58548355102539
16-12-2019,23.790000915527344,24.06999969482422,2669400,24.200000762939453,23.850000381469727,23.635034561157227
17-12-2019,23.600000381469727,23.8700008392334,2790300,24.020000457763672,23.729999542236328,23.516115188598636
18-12-2019,23.6299991607666,23.649999618530277,2872200,24.200000762939453,23.709999084472656,23.496294021606445
19-12-2019,23.670000076293945,23.700000762939453,3192400,24.350000381469727,24.34000015258789,24.12061882019043
20-12-2019,24.1299991607666,24.459999084472656,4778200,24.5,24.32999992370605,24.110708236694336
23-12-2019,24.280000686645508,24.32999992370605,2291000,25.11000061035156,25.07999992370605,24.85394859313965
24-12-2019,24.770000457763672,25.01000022888184,1041500,25.38999938964844,24.940000534057617,24.715211868286133
26-12-2019,24.950000762939453,25.100000381469727,1328400,25.229999542236328,25.030000686645508,24.80440139770508
27-12-2019,24.88999938964844,25.1200008392334,1870100,25.229999542236328,24.940000534057617,24.715211868286133
30-12-2019,24.979999542236328,24.979999542236328,2231200,25.540000915527344,25.21999931335449,24.992685317993164
31-12-2019,24.440000534057617,24.8700008392334,2965000,25.1200008392334,25.049999237060547,24.82421875
02-01-2020,24.71999931335449,25.049999237060547,3361300,25.270000457763672,25.26000022888184,25.032325744628903
03-01-2020,25.15999984741211,25.56999969482422,2553100,25.809999465942383,25.350000381469727,25.12151527404785
06-01-2020,25.1200008392334,25.399999618530277,2887300,25.6200008392334,25.479999542236328,25.250343322753903
07-01-2020,24.540000915527344,25.31999969482422,2452000,25.450000762939453,24.989999771118164,24.764759063720703
08-01-2020,23.989999771118164,24.84000015258789,2802900,24.989999771118164,24.11000061035156,23.89269256591797
09-01-2020,23.76000022888184,24.100000381469727,2475000,24.299999237060547,24.1299991607666,23.91250991821289
10-01-2020,23.790000915527344,24.06999969482422,3963600,24.1299991607666,23.84000015258789,23.625123977661133
13-01-2020,23.3799991607666,23.76000022888184,2978600,23.86000061035156,23.57999992370605,23.367469787597656
14-01-2020,23.100000381469727,23.43000030517578,3812200,23.670000076293945,23.63999938964844,23.426925659179688
15-01-2020,23.170000076293945,23.46999931335449,2401900,23.690000534057617,23.31999969482422,23.109811782836918
16-01-2020,23.450000762939453,23.46999931335449,1889500,23.850000381469727,23.520000457763672,23.30801010131836
17-01-2020,23.399999618530277,23.649999618530277,2310700,23.75,23.5,23.28818893432617
21-01-2020,23.13999938964844,23.31999969482422,2265900,23.489999771118164,23.270000457763672,23.06026268005371
22-01-2020,22.780000686645508,23.09000015258789,2523600,23.09000015258789,22.940000534057617,22.73323631286621
23-01-2020,22.209999084472656,22.51000022888184,2293600,22.950000762939453,22.71999931335449,22.51521873474121
24-01-2020,21.57999992370605,22.57999992370605,2166500,22.57999992370605,21.8799991607666,21.682790756225582
27-01-2020,20.88999938964844,21.229999542236328,2305300,21.540000915527344,20.899999618530277,20.71162223815918
28-01-2020,20.71999931335449,20.90999984741211,2230300,21.229999542236328,21.1200008392334,20.92964172363281
29-01-2020,20.700000762939453,21.299999237060547,2499300,21.450000762939453,20.71999931335449,20.533246994018555
30-01-2020,20.299999237060547,20.34000015258789,2971200,21.030000686645508,21.020000457763672,20.830541610717773
31-01-2020,20.31999969482422,20.63999938964844,3525100,20.68000030517578,20.61000061035156,20.42423820495605
03-02-2020,20.5,20.6299991607666,2921800,21.07999992370605,20.8700008392334,20.681894302368164
04-02-2020,21.229999542236328,21.25,3359400,21.559999465942383,21.38999938964844,21.197206497192383
05-02-2020,21.76000022888184,21.8799991607666,3964700,22.51000022888184,22.25,22.049455642700195
06-02-2020,21.76000022888184,22.420000076293945,3136600,22.420000076293945,21.88999938964844,21.692699432373047
07-02-2020,23.540000915527344,23.709999084472656,9040500,24.75,24.18000030517578,23.962060928344727
10-02-2020,22.71999931335449,23.989999771118164,4214600,23.989999771118164,22.8799991607666,22.673776626586918
11-02-2020,22.920000076293945,23.36000061035156,3094300,23.479999542236328,23.32999992370605,23.119722366333008
12-02-2020,23.649999618530277,23.899999618530277,2705600,24.209999084472656,23.90999984741211,23.694494247436523
13-02-2020,23.21999931335449,23.649999618530277,3527200,23.850000381469727,23.34000015258789,23.12963104248047
14-02-2020,22.549999237060547,23.399999618530277,2521200,23.420000076293945,22.88999938964844,22.683687210083008
18-02-2020,22.350000381469727,22.59000015258789,2547500,22.979999542236328,22.850000381469727,22.6440486907959
19-02-2020,22.65999984741211,22.790000915527344,3107800,23.549999237060547,23.3799991607666,23.169269561767575
20-02-2020,23.420000076293945,23.46999931335449,2347900,23.950000762939453,23.6200008392334,23.4071102142334
21-02-2020,22.809999465942383,23.299999237060547,2348000,23.399999618530277,23.209999084472656,23.00080108642578
24-02-2020,21.670000076293945,22.290000915527344,3104200,22.399999618530277,21.700000762939453,21.504413604736328
25-02-2020,20.07999992370605,21.81999969482422,3789900,21.81999969482422,20.229999542236328,20.04766082763672
26-02-2020,19.34000015258789,20.40999984741211,3378700,20.530000686645508,19.46999931335449,19.294511795043945
27-02-2020,18.38999938964844,18.76000022888184,3929100,19.799999237060547,18.81999969482422,18.65036964416504
28-02-2020,18.010000228881836,18.15999984741211,6912400,18.770000457763672,18.709999084472656,18.54136085510254
02-03-2020,18.40999984741211,19.030000686645508,5319000,19.81999969482422,19.81999969482422,19.641357421875
03-03-2020,18.850000381469727,19.61000061035156,7056900,20.020000457763672,19.13999938964844,18.96748733520508
04-03-2020,18.520000457763672,19.43000030517578,4681100,19.459999084472656,18.989999771118164,18.81883811950684
05-03-2020,17.530000686645508,18.21999931335449,4550900,18.68000030517578,18.06999969482422,17.90713119506836
06-03-2020,15.199999809265137,17.399999618530273,7439300,17.75,15.68000030517578,15.538673400878906
09-03-2020,11.020000457763672,11.68000030517578,7780000,12.579999923706056,11.140000343322754,11.039592742919922
10-03-2020,10.890000343322754,12.09000015258789,7160400,12.289999961853027,12.09000015258789,11.981030464172363
11-03-2020,10.199999809265137,11.5600004196167,8567200,11.789999961853027,10.479999542236328,10.385540962219238
12-03-2020,8.569999694824219,9.65999984741211,7822300,10.149999618530272,8.699999809265137,8.662915229797363
13-03-2020,8.710000038146973,9.449999809265137,6490200,10.199999809265137,10.18000030517578,10.13660717010498
16-03-2020,8.510000228881836,8.510000228881836,7145000,10.170000076293944,8.859999656677246,8.822233200073242
17-03-2020,8.359999656677246,8.890000343322754,6132200,9.779999732971191,9.420000076293944,9.379846572875977
18-03-2020,8.0,8.529999732971191,7938600,9.949999809265137,8.470000267028809,8.4338960647583
19-03-2020,8.5,8.619999885559082,5662800,10.3100004196167,10.289999961853027,10.246138572692873
20-03-2020,9.960000038146973,10.710000038146973,7328300,11.140000343322754,10.1899995803833,10.146564483642578
23-03-2020,9.68000030517578,10.199999809265137,6081000,10.56999969482422,9.75,9.708439826965332
24-03-2020,10.25,10.25,4614900,11.239999771118164,11.140000343322754,11.092514991760254
25-03-2020,10.18000030517578,11.06999969482422,4710400,11.8100004196167,11.020000457763672,10.973027229309082
26-03-2020,10.6899995803833,11.199999809265137,5555500,11.600000381469728,11.25,11.202046394348145
27-03-2020,9.979999542236328,10.470000267028809,6951800,10.890000343322754,10.0600004196167,10.017119407653809
30-03-2020,9.06999969482422,9.670000076293944,5878500,9.899999618530272,9.399999618530272,9.35993194580078
31-03-2020,9.25,9.789999961853027,5141000,9.989999771118164,9.829999923706056,9.78809928894043
01-04-2020,8.890000343322754,9.470000267028809,3925600,9.56999969482422,9.350000381469728,9.310145378112791
02-04-2020,9.18000030517578,9.699999809265137,6470700,10.699999809265137,10.0600004196167,10.017119407653809
03-04-2020,9.539999961853027,10.460000038146973,5293600,10.640000343322754,9.850000381469728,9.808013916015623
06-04-2020,10.149999618530272,10.350000381469728,4344800,11.029999732971191,10.899999618530272,10.853537559509276
07-04-2020,10.8100004196167,11.760000228881836,6988200,12.34000015258789,10.869999885559082,10.823665618896484
08-04-2020,11.029999732971191,11.229999542236328,4963600,11.84000015258789,11.68000030517578,11.630213737487791
09-04-2020,11.300000190734863,12.31999969482422,5659300,12.739999771118164,11.600000381469728,11.550554275512695
13-04-2020,11.5600004196167,12.039999961853027,4282100,12.34000015258789,12.029999732971191,11.978720664978027
14-04-2020,11.770000457763672,12.0600004196167,3052300,12.489999771118164,12.0600004196167,12.008593559265137
15-04-2020,10.84000015258789,11.149999618530272,4496600,11.479999542236328,11.289999961853027,11.241875648498535
16-04-2020,10.40999984741211,11.130000114440918,3998800,11.170000076293944,10.850000381469728,10.803751945495604
17-04-2020,10.850000381469728,10.890000343322754,6859100,11.6899995803833,11.670000076293944,11.62025547027588
20-04-2020,10.520000457763672,10.720000267028809,5495700,11.81999969482422,11.5,11.450980186462402
21-04-2020,11.029999732971191,11.149999618530272,7386500,11.739999771118164,11.479999542236328,11.431065559387209
22-04-2020,11.65999984741211,12.119999885559082,3520800,12.449999809265137,11.800000190734863,11.749701499938965
23-04-2020,12.119999885559082,12.18000030517578,5870600,12.600000381469728,12.420000076293944,12.367058753967283
24-04-2020,11.93000030517578,12.720000267028809,7420400,13.100000381469728,12.020000457763672,11.968764305114746
27-04-2020,11.449999809265137,11.789999961853027,6319800,12.579999923706056,12.350000381469728,12.297357559204102
28-04-2020,11.4399995803833,12.390000343322754,7838700,12.75,11.770000457763672,11.719830513000488
29-04-2020,12.210000038146973,12.470000267028809,4793300,13.130000114440918,12.979999542236328,12.924671173095703
30-04-2020,12.399999618530272,13.079999923706056,4851300,13.130000114440918,12.640000343322754,12.586121559143066
01-05-2020,11.56999969482422,12.359999656677246,4555100,12.479999542236328,11.699999809265137,11.650127410888672
04-05-2020,11.3100004196167,11.359999656677246,4111200,12.34000015258789,12.329999923706056,12.277442932128906
05-05-2020,12.1899995803833,12.949999809265137,4960100,13.329999923706056,12.3100004196167,12.257528305053713
06-05-2020,11.760000228881836,12.1899995803833,3181800,12.420000076293944,11.800000190734863,11.749701499938965
07-05-2020,12.130000114440918,12.15999984741211,4139100,12.5,12.350000381469728,12.297357559204102
08-05-2020,12.539999961853027,12.65999984741211,2713400,13.210000038146973,13.1899995803833,13.133776664733888
11-05-2020,12.6899995803833,12.869999885559082,2511600,13.229999542236328,12.880000114440918,12.825098037719728
12-05-2020,12.579999923706056,12.989999771118164,3569900,13.170000076293944,12.890000343322754,12.83505630493164
13-05-2020,11.479999542236328,12.75,3991200,12.869999885559082,11.510000228881836,11.460938453674316
14-05-2020,10.789999961853027,11.15999984741211,4092000,11.75,11.670000076293944,11.62025547027588
15-05-2020,11.449999809265137,11.520000457763672,3926500,11.90999984741211,11.520000457763672,11.470895767211914
18-05-2020,12.220000267028809,12.359999656677246,3532400,12.920000076293944,12.779999732971191,12.725523948669434
19-05-2020,12.020000457763672,12.65999984741211,3214000,12.68000030517578,12.039999961853027,11.98867893218994
20-05-2020,12.260000228881836,12.34000015258789,2787300,13.0,13.0,12.944586753845217
21-05-2020,11.949999809265137,12.890000343322754,5944300,12.899999618530272,12.119999885559082,12.068337440490724
22-05-2020,11.800000190734863,11.949999809265137,4375300,12.270000457763672,12.09000015258789,12.03846549987793
26-05-2020,12.40999984741211,12.739999771118164,3572400,12.979999542236328,12.869999885559082,12.815140724182127
27-05-2020,12.510000228881836,13.100000381469728,3159100,13.279999732971191,13.260000228881836,13.203478813171388
28-05-2020,12.81999969482422,13.279999732971191,2716200,13.4399995803833,12.93000030517578,12.874885559082031
29-05-2020,12.06999969482422,12.739999771118164,5587400,12.829999923706056,12.470000267028809,12.41684627532959
01-06-2020,12.079999923706056,12.550000190734863,3619000,12.68000030517578,12.5,12.446718215942385
02-06-2020,12.600000381469728,12.699999809265137,4530000,12.90999984741211,12.6899995803833,12.635907173156738
03-06-2020,12.850000381469728,13.0,3516600,13.460000038146973,13.350000381469728,13.293095588684082
04-06-2020,13.229999542236328,13.359999656677246,3155100,13.880000114440918,13.760000228881836,13.70134735107422
05-06-2020,14.600000381469728,14.75,5030900,15.300000190734863,15.029999732971191,14.965933799743652
08-06-2020,15.420000076293944,15.720000267028809,6380500,16.530000686645508,16.520000457763672,16.449583053588867
09-06-2020,15.229999542236328,15.710000038146973,4405600,15.779999732971191,15.6899995803833,15.623120307922363
10-06-2020,14.43000030517578,15.420000076293944,4946300,15.460000038146973,14.739999771118164,14.677169799804688
11-06-2020,12.630000114440918,13.270000457763672,4322300,13.630000114440918,12.649999618530272,12.596077919006348
12-06-2020,12.1899995803833,13.420000076293944,5390000,13.420000076293944,12.770000457763672,12.715567588806152
15-06-2020,11.90999984741211,12.0,6310400,12.869999885559082,12.4399995803833,12.38697338104248
16-06-2020,12.8100004196167,13.369999885559082,3981700,13.539999961853027,12.979999542236328,12.924671173095703
17-06-2020,12.25,12.9399995803833,3852600,12.9399995803833,12.25,12.197783470153809
18-06-2020,11.890000343322754,12.0,2907700,12.520000457763672,12.270000457763672,12.21769905090332
19-06-2020,11.729999542236328,12.739999771118164,9147200,12.789999961853027,11.739999771118164,11.68995761871338
22-06-2020,11.390000343322754,11.65999984741211,3549700,11.869999885559082,11.8100004196167,11.75965976715088
23-06-2020,11.81999969482422,11.979999542236328,3827300,12.220000267028809,12.130000114440918,12.07829475402832
24-06-2020,11.100000381469728,11.93000030517578,3557900,11.93000030517578,11.1899995803833,11.142301559448242
25-06-2020,10.949999809265137,11.010000228881836,8485900,12.40999984741211,12.289999961853027,12.2376127243042
26-06-2020,11.869999885559082,12.130000114440918,7687400,12.199999809265137,12.1899995803833,12.138038635253906
29-06-2020,11.949999809265137,12.220000267028809,3621600,12.520000457763672,12.149999618530272,12.098209381103516
30-06-2020,11.960000038146973,12.010000228881836,8599300,12.380000114440918,12.25,12.197783470153809
01-07-2020,11.75,12.399999618530272,6195700,12.420000076293944,11.8100004196167,11.75965976715088
02-07-2020,12.09000015258789,12.149999618530272,5061500,12.489999771118164,12.100000381469728,12.048423767089844
06-07-2020,12.220000267028809,12.43000030517578,5748100,12.529999732971191,12.390000343322754,12.337186813354492
07-07-2020,11.579999923706056,12.199999809265137,7075100,12.220000267028809,11.609999656677246,11.560511589050291
08-07-2020,11.380000114440918,11.729999542236328,6131300,11.960000038146973,11.449999809265137,11.401193618774414
09-07-2020,10.8100004196167,11.449999809265137,4933500,11.550000190734863,10.829999923706056,10.783836364746094
10-07-2020,10.739999771118164,10.800000190734863,4596800,11.239999771118164,11.229999542236328,11.182130813598633
13-07-2020,10.84000015258789,11.390000343322754,5295300,11.390000343322754,11.0600004196167,11.012856483459473
14-07-2020,10.789999961853027,10.9399995803833,4531700,11.579999923706056,11.529999732971191,11.480852127075195
15-07-2020,11.449999809265137,11.949999809265137,5031400,12.029999732971191,11.720000267028809,11.670042991638184
16-07-2020,11.279999732971191,11.609999656677246,4225600,11.779999732971191,11.520000457763672,11.470895767211914
17-07-2020,11.229999542236328,11.510000228881836,3205600,11.640000343322754,11.359999656677246,11.31157684326172
20-07-2020,11.229999542236328,11.359999656677246,4295600,11.550000190734863,11.31999969482422,11.271747589111328
21-07-2020,11.5600004196167,11.600000381469728,10506900,12.380000114440918,12.270000457763672,12.21769905090332
22-07-2020,11.859999656677246,11.949999809265137,6754900,12.289999961853027,12.18000030517578,12.128082275390623
23-07-2020,11.960000038146973,12.0600004196167,8922000,12.520000457763672,12.510000228881836,12.45667552947998
24-07-2020,12.4399995803833,12.520000457763672,7236300,12.880000114440918,12.739999771118164,12.685694694519045
27-07-2020,12.529999732971191,12.720000267028809,7514900,13.140000343322754,12.989999771118164,12.934629440307615
28-07-2020,11.0600004196167,12.43000030517578,16335600,13.270000457763672,11.5600004196167,11.510725021362305
29-07-2020,11.359999656677246,11.550000190734863,7260500,11.989999771118164,11.6899995803833,11.640170097351074
30-07-2020,11.079999923706056,11.420000076293944,8762600,11.670000076293944,11.510000228881836,11.460938453674316
31-07-2020,11.260000228881836,11.31999969482422,7783700,11.550000190734863,11.510000228881836,11.460938453674316
03-08-2020,11.399999618530272,11.510000228881836,3790800,11.800000190734863,11.59000015258789,11.540596961975098
04-08-2020,11.479999542236328,11.5600004196167,4033900,11.829999923706056,11.75,11.699914932250977
05-08-2020,11.869999885559082,12.079999923706056,5023000,12.220000267028809,12.010000228881836,11.958806991577148
06-08-2020,11.850000381469728,12.010000228881836,3509300,12.260000228881836,11.979999542236328,11.92893409729004
07-08-2020,11.65999984741211,11.829999923706056,2491200,11.989999771118164,11.989999771118164,11.938891410827637
10-08-2020,12.010000228881836,12.06999969482422,3599700,12.550000190734863,12.420000076293944,12.367058753967283
11-08-2020,12.710000038146973,12.75,8113500,13.270000457763672,13.050000190734863,12.994373321533203
12-08-2020,12.890000343322754,13.270000457763672,4874600,13.369999885559082,13.199999809265137,13.143733978271484
13-08-2020,12.960000038146973,13.15999984741211,3834000,13.289999961853027,13.029999732971191,12.974458694458008
14-08-2020,12.829999923706056,12.90999984741211,2366300,13.18000030517578,13.119999885559082,13.064075469970703
17-08-2020,12.59000015258789,13.010000228881836,4770700,13.149999618530272,12.760000228881836,12.705610275268556
18-08-2020,12.529999732971191,12.699999809265137,2720600,12.899999618530272,12.56999969482422,12.516419410705566
19-08-2020,12.40999984741211,12.56999969482422,3487200,12.84000015258789,12.489999771118164,12.436759948730469
20-08-2020,11.989999771118164,12.25,2857000,12.260000228881836,12.029999732971191,11.978720664978027
21-08-2020,11.720000267028809,11.90999984741211,4178800,11.970000267028809,11.770000457763672,11.719830513000488
24-08-2020,11.84000015258789,11.899999618530272,6072700,12.229999542236328,12.140000343322754,12.088253021240234
25-08-2020,12.0,12.31999969482422,2074300,12.43000030517578,12.09000015258789,12.03846549987793
26-08-2020,11.829999923706056,12.039999961853027,4341400,12.140000343322754,11.90999984741211,11.859232902526855
27-08-2020,11.8100004196167,11.90999984741211,2464400,12.09000015258789,12.06999969482422,12.018550872802734
28-08-2020,12.0,12.109999656677246,2423500,12.399999618530272,12.31999969482422,12.267484664916992
31-08-2020,11.890000343322754,12.3100004196167,3730400,12.399999618530272,12.0,11.948848724365234
01-09-2020,11.829999923706056,11.850000381469728,3647700,12.15999984741211,11.9399995803833,11.889104843139648
02-09-2020,11.779999732971191,11.949999809265137,3550600,12.0,11.84000015258789,11.789531707763672
03-09-2020,11.800000190734863,11.890000343322754,4579200,12.5,11.989999771118164,11.938891410827637
04-09-2020,11.93000030517578,12.119999885559082,2796800,12.25,12.149999618530272,12.098209381103516
08-09-2020,11.289999961853027,11.81999969482422,7716900,11.880000114440918,11.399999618530272,11.35140609741211
09-09-2020,11.300000190734863,11.489999771118164,3565800,11.68000030517578,11.5,11.450980186462402
10-09-2020,11.06999969482422,11.539999961853027,5220500,11.600000381469728,11.149999618530272,11.102472305297852
11-09-2020,11.039999961853027,11.210000038146973,3510800,11.350000381469728,11.210000038146973,11.162217140197754
14-09-2020,11.039999961853027,11.1899995803833,3272600,11.399999618530272,11.300000190734863,11.251832962036133
15-09-2020,11.130000114440918,11.350000381469728,5606300,11.479999542236328,11.31999969482422,11.271747589111328
16-09-2020,11.34000015258789,11.550000190734863,4008600,12.100000381469728,11.93000030517578,11.87914752960205
17-09-2020,11.5,11.710000038146973,5226100,11.850000381469728,11.850000381469728,11.79948902130127
18-09-2020,11.609999656677246,11.779999732971191,10853000,12.079999923706056,11.739999771118164,11.68995761871338
21-09-2020,10.670000076293944,11.270000457763672,6172300,11.329999923706056,10.84000015258789,10.793793678283691
22-09-2020,10.739999771118164,10.8100004196167,4767600,11.079999923706056,10.8100004196167,10.763921737670898
23-09-2020,10.3100004196167,10.800000190734863,5930400,10.84000015258789,10.399999618530272,10.355669021606444
24-09-2020,9.989999771118164,10.300000190734863,4729800,10.489999771118164,10.149999618530272,10.106734275817873
25-09-2020,9.5,10.010000228881836,10794100,10.18000030517578,9.510000228881836,9.469463348388672
28-09-2020,9.710000038146973,9.81999969482422,6479100,10.100000381469728,9.800000190734863,9.758227348327637
29-09-2020,9.050000190734863,9.68000030517578,7566000,9.710000038146973,9.210000038146973,9.17074203491211
30-09-2020,8.960000038146973,9.31999969482422,7081900,9.520000457763672,9.0600004196167,9.021381378173828
01-10-2020,8.520000457763672,8.890000343322754,7754700,8.9399995803833,8.65999984741211,8.623085975646973
02-10-2020,8.130000114440918,8.1899995803833,5686000,8.899999618530273,8.699999809265137,8.662915229797363
05-10-2020,8.84000015258789,8.890000343322754,3710700,9.06999969482422,8.960000038146973,8.921807289123535
06-10-2020,8.619999885559082,9.170000076293944,5229800,9.300000190734863,8.670000076293945,8.63304328918457
07-10-2020,8.59000015258789,8.710000038146973,3483300,8.850000381469727,8.770000457763672,8.732617378234863
08-10-2020,8.8100004196167,8.869999885559082,5000500,9.260000228881836,9.25,9.2105712890625
09-10-2020,8.979999542236328,9.34000015258789,3369800,9.380000114440918,9.050000190734863,9.01142406463623
12-10-2020,8.75,9.0,3853800,9.09000015258789,9.039999961853027,9.001466751098633
13-10-2020,8.579999923706055,8.970000267028809,5035700,9.010000228881836,8.630000114440918,8.59321403503418
14-10-2020,8.640000343322754,8.65999984741211,8012700,9.100000381469728,8.800000190734863,8.762489318847656
15-10-2020,8.520000457763672,8.59000015258789,7201100,8.979999542236328,8.970000267028809,8.931764602661133
16-10-2020,8.5600004196167,8.899999618530273,5644800,9.029999732971191,8.600000381469727,8.563342094421387
19-10-2020,8.619999885559082,8.720000267028809,4918300,9.050000190734863,8.699999809265137,8.662915229797363
20-10-2020,8.84000015258789,8.890000343322754,4933800,9.260000228881836,9.140000343322754,9.101040840148926
21-10-2020,8.979999542236328,9.029999732971191,4754100,9.31999969482422,9.010000228881836,8.97159481048584
22-10-2020,8.899999618530273,9.020000457763672,4890100,9.3100004196167,9.3100004196167,9.270316123962402
23-10-2020,9.010000228881836,9.359999656677246,4780200,9.399999618530272,9.1899995803833,9.150826454162598
26-10-2020,8.8100004196167,9.039999961853027,4970800,9.06999969482422,8.930000305175781,8.891935348510742
27-10-2020,8.4399995803833,9.100000381469728,9030400,9.199999809265137,8.59000015258789,8.553384780883789
28-10-2020,7.989999771118164,8.25,8362100,8.4399995803833,8.010000228881836,7.975857257843018
29-10-2020,7.699999809265137,7.840000152587891,7500000,8.130000114440918,8.100000381469727,8.065473556518555
30-10-2020,7.949999809265137,8.079999923706055,6587000,8.430000305175781,8.399999618530273,8.3641939163208
02-11-2020,8.329999923706055,8.59000015258789,7837300,9.260000228881836,9.109999656677246,9.071167945861816
03-11-2020,8.90999984741211,9.359999656677246,4990300,9.420000076293944,9.06999969482422,9.031338691711426
04-11-2020,8.680000305175781,9.229999542236328,5704300,9.279999732971191,9.050000190734863,9.01142406463623
05-11-2020,9.06999969482422,9.06999969482422,5709800,9.4399995803833,9.300000190734863,9.260357856750488
06-11-2020,8.890000343322754,9.260000228881836,4675000,9.380000114440918,9.0,8.961636543273926
09-11-2020,10.270000457763672,10.279999732971191,9893400,11.90999984741211,11.460000038146973,11.411150932312012
10-11-2020,10.800000190734863,11.550000190734863,8344900,11.8100004196167,11.010000228881836,10.963068962097168
11-11-2020,10.5,11.100000381469728,5227900,11.149999618530272,10.710000038146973,10.664347648620604
12-11-2020,10.390000343322754,10.43000030517578,4744000,10.880000114440918,10.5,10.455243110656738
13-11-2020,10.609999656677246,10.630000114440918,6035100,11.039999961853027,10.979999542236328,10.933197021484377
16-11-2020,11.479999542236328,11.68000030517578,5296100,12.0600004196167,12.039999961853027,11.98867893218994
17-11-2020,11.75,11.75,7427200,12.25,12.199999809265137,12.14799690246582
18-11-2020,11.93000030517578,12.34000015258789,4716900,12.630000114440918,11.9399995803833,11.889104843139648
19-11-2020,11.699999809265137,11.779999732971191,3966000,12.34000015258789,12.3100004196167,12.257528305053713
20-11-2020,12.029999732971191,12.18000030517578,6362400,12.460000038146973,12.3100004196167,12.257528305053713
23-11-2020,12.479999542236328,12.600000381469728,5303700,13.31999969482422,13.279999732971191,13.223392486572266
24-11-2020,13.619999885559082,13.800000190734863,7317700,14.149999618530272,14.0,13.94032382965088
25-11-2020,13.390000343322754,13.59000015258789,6770200,13.829999923706056,13.600000381469728,13.54202938079834
27-11-2020,12.880000114440918,13.40999984741211,4564900,13.470000267028809,13.149999618530272,13.09394645690918
30-11-2020,12.199999809265137,13.029999732971191,33977700,13.1899995803833,12.260000228881836,12.207740783691406
01-12-2020,12.630000114440918,12.84000015258789,6070900,13.0600004196167,12.699999809265137,12.645865440368652
02-12-2020,12.40999984741211,12.579999923706056,6708600,13.420000076293944,13.119999885559082,13.064075469970703
03-12-2020,13.119999885559082,13.260000228881836,5156300,13.649999618530272,13.43000030517578,13.372754096984863
04-12-2020,13.520000457763672,13.779999732971191,6251700,14.56999969482422,14.550000190734863,14.487979888916016
07-12-2020,13.970000267028809,14.260000228881836,4952500,14.460000038146973,14.020000457763672,13.96023941040039
08-12-2020,13.770000457763672,13.779999732971191,2995900,14.390000343322754,14.350000381469728,14.288832664489746
09-12-2020,14.079999923706056,14.470000267028809,7628700,14.6899995803833,14.4399995803833,14.378448486328123
10-12-2020,14.149999618530272,14.1899995803833,6402500,15.0,14.65999984741211,14.59751033782959
11-12-2020,14.0600004196167,14.470000267028809,4984500,14.470000267028809,14.31999969482422,14.258959770202637
14-12-2020,13.68000030517578,14.630000114440918,5351600,14.710000038146973,13.710000038146973,13.651559829711914
15-12-2020,13.65999984741211,13.880000114440918,6367600,14.300000190734863,14.109999656677246,14.04985523223877
16-12-2020,13.8100004196167,14.100000381469728,4713300,14.18000030517578,13.9399995803833,13.880578994750977
17-12-2020,13.609999656677246,14.0600004196167,4534600,14.170000076293944,13.93000030517578,13.870622634887695
18-12-2020,13.619999885559082,13.859999656677246,6538900,14.020000457763672,13.699999809265137,13.641602516174316
21-12-2020,12.829999923706056,13.0,4709000,13.510000228881836,13.300000190734863,13.243308067321776
22-12-2020,13.029999732971191,13.279999732971191,5326200,13.449999809265137,13.09000015258789,13.03420352935791
23-12-2020,13.170000076293944,13.270000457763672,5241900,13.899999618530272,13.630000114440918,13.571901321411133
24-12-2020,13.31999969482422,13.65999984741211,2292500,13.739999771118164,13.5,13.442455291748049
28-12-2020,13.420000076293944,13.56999969482422,4942500,13.829999923706056,13.5600004196167,13.50220012664795
29-12-2020,13.380000114440918,13.649999618530272,3346900,13.770000457763672,13.479999542236328,13.422539710998535
30-12-2020,13.390000343322754,13.4399995803833,3195700,13.869999885559082,13.81999969482422,13.761091232299805
31-12-2020,13.609999656677246,13.729999542236328,2553100,13.859999656677246,13.729999542236328,13.67147445678711
04-01-2021,13.65999984741211,13.81999969482422,4534900,14.15999984741211,13.890000343322754,13.830793380737305
05-01-2021,13.960000038146973,14.09000015258789,8677400,15.029999732971191,14.65999984741211,14.59751033782959
06-01-2021,14.890000343322754,15.3100004196167,8461500,15.5,15.020000457763672,14.955976486206056
07-01-2021,14.960000038146973,15.0600004196167,5425900,15.399999618530272,15.119999885559082,15.055549621582031
08-01-2021,14.760000228881836,15.270000457763672,4606400,15.270000457763672,15.010000228881836,14.946019172668455
11-01-2021,14.470000267028809,14.600000381469728,5128900,15.420000076293944,15.359999656677246,15.294527053833008
12-01-2021,15.34000015258789,15.609999656677246,4648900,16.229999542236328,16.0,15.931798934936523
13-01-2021,15.239999771118164,15.93000030517578,3450100,15.93000030517578,15.350000381469728,15.28456974029541
14-01-2021,15.359999656677246,15.420000076293944,4452500,15.880000114440918,15.56999969482422,15.503631591796877
15-01-2021,14.68000030517578,15.210000038146973,4777400,15.399999618530272,14.75,14.687127113342283
19-01-2021,13.470000267028809,13.640000343322754,9999600,14.029999732971191,13.880000114440918,13.820836067199709
20-01-2021,13.43000030517578,14.0,4786800,14.050000190734863,13.65999984741211,13.601773262023926
21-01-2021,13.239999771118164,13.619999885559082,5054200,13.81999969482422,13.390000343322754,13.332924842834473
22-01-2021,12.979999542236328,13.0600004196167,5031700,13.43000030517578,13.40999984741211,13.352838516235352
25-01-2021,12.5,13.220000267028809,5649700,13.220000267028809,12.699999809265137,12.645865440368652
26-01-2021,12.56999969482422,13.0,4670900,13.09000015258789,12.619999885559082,12.566205978393556
27-01-2021,12.149999618530272,12.390000343322754,5614300,12.899999618530272,12.220000267028809,12.167911529541016
28-01-2021,12.109999656677246,12.449999809265137,6062500,12.739999771118164,12.619999885559082,12.566205978393556
29-01-2021,12.260000228881836,12.489999771118164,5502700,12.829999923706056,12.380000114440918,12.327229499816896
01-02-2021,12.3100004196167,12.5600004196167,3580900,12.850000381469728,12.65999984741211,12.606036186218262
02-02-2021,12.68000030517578,13.039999961853027,5183900,13.09000015258789,12.899999618530272,12.845012664794922
03-02-2021,12.84000015258789,12.989999771118164,3854000,13.630000114440918,13.619999885559082,13.561944007873535
04-02-2021,13.149999618530272,13.729999542236328,4675800,13.8100004196167,13.779999732971191,13.721261978149414
05-02-2021,13.229999542236328,14.039999961853027,7906400,14.34000015258789,13.369999885559082,13.31300926208496
08-02-2021,13.449999809265137,13.449999809265137,4154400,13.829999923706056,13.649999618530272,13.591815948486328
09-02-2021,13.170000076293944,13.59000015258789,5647700,13.649999618530272,13.470000267028809,13.412583351135254
10-02-2021,13.449999809265137,13.579999923706056,4436300,13.960000038146973,13.850000381469728,13.790964126586914
11-02-2021,13.270000457763672,13.75,4639000,13.850000381469728,13.640000343322754,13.58185863494873
12-02-2021,13.31999969482422,13.43000030517578,3342000,13.970000267028809,13.9399995803833,13.880578994750977
16-02-2021,14.09000015258789,14.359999656677246,4313500,14.579999923706056,14.520000457763672,14.458107948303224
17-02-2021,14.210000038146973,14.579999923706056,3380400,14.630000114440918,14.40999984741211,14.348576545715332
18-02-2021,13.699999809265137,14.260000228881836,2717400,14.289999961853027,13.699999809265137,13.641602516174316
19-02-2021,13.6899995803833,13.739999771118164,2701900,14.100000381469728,14.029999732971191,13.970195770263672
22-02-2021,13.949999809265137,14.100000381469728,5175900,15.3100004196167,15.0,14.93606185913086
23-02-2021,14.390000343322754,15.149999618530272,5796400,15.1899995803833,15.0600004196167,14.995805740356444
24-02-2021,14.93000030517578,15.1899995803833,6792400,16.0,15.869999885559082,15.802352905273438
25-02-2021,15.270000457763672,15.949999809265137,5378800,16.0,15.5,15.433930397033691
26-02-2021,14.460000038146973,15.18000030517578,4726300,15.31999969482422,15.100000381469728,15.035635948181152
01-03-2021,15.279999732971191,15.390000343322754,4106000,15.760000228881836,15.640000343322754,15.573333740234377
02-03-2021,14.970000267028809,15.619999885559082,5345300,15.859999656677246,15.0,14.93606185913086
03-03-2021,15.010000228881836,15.109999656677246,5660400,15.489999771118164,15.020000457763672,14.955976486206056
04-03-2021,14.829999923706056,15.260000228881836,6507700,15.670000076293944,15.420000076293944,15.354270935058594
05-03-2021,16.0,16.360000610351562,12804400,17.43000030517578,17.290000915527344,17.21630096435547
08-03-2021,16.729999542236328,17.280000686645508,6575200,17.5,17.030000686645508,16.957408905029297
09-03-2021,16.100000381469727,16.8700008392334,5615700,16.90999984741211,16.1200008392334,16.051288604736328
10-03-2021,15.890000343322754,16.059999465942383,4776300,16.799999237060547,16.760000228881836,16.688560485839844
11-03-2021,16.469999313354492,16.719999313354492,3536400,16.969999313354492,16.600000381469727,16.52924156188965
12-03-2021,16.489999771118164,16.739999771118164,3017700,17.18000030517578,16.700000762939453,16.628816604614258
15-03-2021,16.6200008392334,16.729999542236328,3259200,16.989999771118164,16.93000030517578,16.85783576965332
16-03-2021,15.050000190734863,16.5,10435600,16.68000030517578,15.18000030517578,15.115294456481934
17-03-2021,14.890000343322754,15.0,6975900,15.739999771118164,15.729999542236328,15.662949562072754
18-03-2021,15.06999969482422,15.630000114440918,8346300,16.329999923706055,15.149999618530272,15.085421562194824
19-03-2021,14.619999885559082,15.109999656677246,9696000,15.15999984741211,14.640000343322754,14.577596664428713
22-03-2021,14.260000228881836,14.449999809265137,4433600,14.619999885559082,14.350000381469728,14.288832664489746
23-03-2021,13.529999732971191,14.0,5207200,14.130000114440918,13.630000114440918,13.571901321411133
24-03-2021,13.529999732971191,13.949999809265137,3839300,14.18000030517578,13.579999923706056,13.522113800048828
25-03-2021,12.859999656677246,13.399999618530272,4843000,13.56999969482422,13.529999732971191,13.47232723236084
26-03-2021,13.619999885559082,13.829999923706056,5405300,14.039999961853027,14.029999732971191,13.970195770263672
29-03-2021,13.630000114440918,13.829999923706056,3669100,14.100000381469728,13.850000381469728,13.790964126586914
30-03-2021,13.59000015258789,13.720000267028809,2652500,13.93000030517578,13.65999984741211,13.601773262023926
31-03-2021,13.479999542236328,13.59000015258789,2589700,13.8100004196167,13.720000267028809,13.661518096923828
01-04-2021,13.609999656677246,13.770000457763672,3412400,14.25,14.1899995803833,14.12951374053955
05-04-2021,13.739999771118164,14.170000076293944,2530700,14.170000076293944,13.829999923706056,13.771048545837402
06-04-2021,13.579999923706056,13.789999961853027,2971300,14.140000343322754,13.579999923706056,13.522113800048828
07-04-2021,13.489999771118164,13.609999656677246,3720900,13.84000015258789,13.609999656677246,13.55198574066162
08-04-2021,13.140000343322754,13.449999809265137,2459500,13.5,13.390000343322754,13.332924842834473
09-04-2021,12.9399995803833,13.34000015258789,3561500,13.449999809265137,13.09000015258789,13.03420352935791
12-04-2021,12.989999771118164,13.199999809265137,3055700,13.449999809265137,13.149999618530272,13.09394645690918
13-04-2021,12.8100004196167,13.029999732971191,4230700,13.140000343322754,13.029999732971191,12.974458694458008
14-04-2021,13.18000030517578,13.25,5143000,14.1899995803833,13.800000190734863,13.74117660522461
15-04-2021,13.34000015258789,13.6899995803833,4054500,13.729999542236328,13.4399995803833,13.382710456848145
16-04-2021,13.06999969482422,13.510000228881836,3515000,13.56999969482422,13.239999771118164,13.183563232421877
19-04-2021,13.149999618530272,13.15999984741211,2529800,13.390000343322754,13.31999969482422,13.263222694396973
20-04-2021,12.619999885559082,13.170000076293944,4386700,13.40999984741211,12.760000228881836,12.705610275268556
21-04-2021,12.380000114440918,12.520000457763672,3169500,13.100000381469728,13.06999969482422,13.014287948608398
22-04-2021,12.93000030517578,13.09000015258789,5530600,13.43000030517578,13.050000190734863,12.994373321533203
23-04-2021,12.880000114440918,13.010000228881836,2945100,13.43000030517578,13.289999961853027,13.23335075378418
26-04-2021,13.300000190734863,13.369999885559082,2954900,13.649999618530272,13.479999542236328,13.422539710998535
27-04-2021,13.15999984741211,13.43000030517578,5985600,13.619999885559082,13.579999923706056,13.522113800048828
28-04-2021,13.579999923706056,13.649999618530272,9538100,15.079999923706056,14.880000114440918,14.816573143005373
29-04-2021,15.020000457763672,15.130000114440918,7900000,15.4399995803833,15.239999771118164,15.17503833770752
30-04-2021,14.869999885559082,15.079999923706056,6147800,15.229999542236328,14.949999809265137,14.886274337768556
03-05-2021,15.1899995803833,15.1899995803833,5344300,16.0,15.899999618530272,15.83222484588623
04-05-2021,15.359999656677246,15.920000076293944,5230300,16.0,15.5600004196167,15.493675231933594
05-05-2021,15.619999885559082,15.800000190734863,5231800,16.440000534057617,16.399999618530273,16.330093383789062
06-05-2021,16.06999969482422,16.40999984741211,3967400,16.739999771118164,16.639999389648438,16.56907081604004
07-05-2021,16.200000762939453,16.299999237060547,4356400,17.290000915527344,17.25,17.176469802856445
10-05-2021,17.149999618530273,17.399999618530273,5089500,17.809999465942383,17.15999984741211,17.086854934692383
11-05-2021,16.530000686645508,16.760000228881836,4920100,17.309999465942383,16.959999084472656,16.887706756591797
12-05-2021,16.860000610351562,17.040000915527344,3858900,17.780000686645508,16.950000762939453,16.877750396728516
13-05-2021,16.280000686645508,16.6200008392334,4059100,17.030000686645508,16.670000076293945,16.59894371032715
14-05-2021,16.920000076293945,16.920000076293945,2671300,17.610000610351562,17.510000228881836,17.435361862182617
17-05-2021,17.290000915527344,17.31999969482422,4124300,18.0,17.950000762939453,17.87348747253418
18-05-2021,17.350000381469727,17.90999984741211,4414300,18.020000457763672,17.43000030517578,17.355703353881836
19-05-2021,16.31999969482422,16.989999771118164,7449000,16.989999771118164,16.5,16.429668426513672
20-05-2021,15.93000030517578,16.459999084472656,4780700,16.520000457763672,16.219999313354492,16.150859832763672
21-05-2021,16.139999389648438,16.5,5295600,16.600000381469727,16.170000076293945,16.10107421875
24-05-2021,15.960000038146973,16.260000228881836,4094100,16.399999618530273,16.290000915527344,16.220563888549805
25-05-2021,15.960000038146973,16.219999313354492,3106700,16.420000076293945,15.989999771118164,15.921841621398926
26-05-2021,15.84000015258789,15.9399995803833,3128600,16.299999237060547,16.06999969482422,16.001501083374023
27-05-2021,16.18000030517578,16.229999542236328,3159900,16.469999313354492,16.239999771118164,16.1707763671875
28-05-2021,16.020000457763672,16.440000534057617,3262500,16.440000534057617,16.1200008392334,16.051288604736328
01-06-2021,16.540000915527344,16.579999923706055,4692800,16.979999542236328,16.959999084472656,16.887706756591797
02-06-2021,16.760000228881836,17.040000915527344,4662600,17.799999237060547,17.440000534057617,17.36566162109375
03-06-2021,17.1200008392334,17.270000457763672,3672400,17.739999771118164,17.68000030517578,17.604639053344727
04-06-2021,17.170000076293945,17.780000686645508,4437900,17.829999923706055,17.65999984741211,17.5847225189209
07-06-2021,17.350000381469727,17.700000762939453,2853500,17.829999923706055,17.389999389648438,17.315874099731445
08-06-2021,16.950000762939453,17.200000762939453,6011200,17.649999618530273,17.530000686645508,17.455278396606445
09-06-2021,17.190000534057617,17.65999984741211,4028300,17.739999771118164,17.190000534057617,17.116727828979492
10-06-2021,16.700000762939453,17.579999923706055,3400200,17.649999618530273,16.90999984741211,16.837919235229492
11-06-2021,16.899999618530273,17.209999084472656,3086700,17.309999465942383,16.93000030517578,16.85783576965332
14-06-2021,16.700000762939453,17.06999969482422,3191700,17.25,16.809999465942383,16.738346099853516
15-06-2021,16.799999237060547,16.799999237060547,6177900,17.559999465942383,17.510000228881836,17.435361862182617
16-06-2021,17.040000915527344,17.420000076293945,3959000,17.65999984741211,17.209999084472656,17.136640548706055
17-06-2021,15.81999969482422,17.1200008392334,4340800,17.229999542236328,16.030000686645508,15.961671829223633
18-06-2021,15.449999809265137,15.68000030517578,6258100,15.9399995803833,15.609999656677246,15.543460845947266
21-06-2021,15.710000038146973,15.770000457763672,2804700,16.360000610351562,16.280000686645508,16.21060562133789
22-06-2021,15.899999618530272,16.139999389648438,3918100,16.350000381469727,16.260000228881836,16.190690994262695
23-06-2021,15.029999732971191,16.5,17572400,16.780000686645508,15.0600004196167,14.995805740356444
24-06-2021,14.979999542236328,15.0600004196167,7229700,15.43000030517578,15.359999656677246,15.294527053833008
25-06-2021,15.300000190734863,15.390000343322754,8160700,15.800000190734863,15.65999984741211,15.59324836730957
28-06-2021,14.630000114440918,15.579999923706056,5363000,15.68000030517578,14.720000267028809,14.657255172729492
29-06-2021,14.770000457763672,14.880000114440918,3174100,15.18000030517578,14.800000190734863,14.73691463470459
30-06-2021,14.869999885559082,14.869999885559082,6552500,15.5600004196167,15.31999969482422,15.2546968460083
01-07-2021,15.529999732971191,15.75,4568300,15.93000030517578,15.640000343322754,15.573333740234377
02-07-2021,15.1899995803833,15.470000267028809,2384000,15.600000381469728,15.520000457763672,15.453845024108888
06-07-2021,14.390000343322754,15.539999961853027,3640100,15.539999961853027,14.539999961853027,14.478022575378418
07-07-2021,14.050000190734863,14.4399995803833,3397700,14.75,14.260000228881836,14.19921588897705
08-07-2021,13.8100004196167,13.949999809265137,4784100,14.449999809265137,14.18000030517578,14.11955738067627
09-07-2021,14.510000228881836,14.9399995803833,4130000,15.109999656677246,15.029999732971191,14.965933799743652
12-07-2021,14.600000381469728,14.729999542236328,3359600,15.260000228881836,15.06999969482422,15.005763053894045
13-07-2021,14.720000267028809,14.90999984741211,3349000,15.199999809265137,14.90999984741211,14.846445083618164
14-07-2021,14.229999542236328,14.989999771118164,3634200,15.329999923706056,14.390000343322754,14.328661918640137
15-07-2021,13.800000190734863,14.239999771118164,4393400,14.449999809265137,13.859999656677246,13.800920486450195
16-07-2021,13.479999542236328,14.350000381469728,6658600,14.350000381469728,13.619999885559082,13.561944007873535
19-07-2021,12.949999809265137,13.31999969482422,5906000,13.449999809265137,13.239999771118164,13.183563232421877
20-07-2021,13.09000015258789,13.199999809265137,3980200,13.720000267028809,13.550000190734863,13.492242813110352
21-07-2021,13.81999969482422,13.920000076293944,4152200,14.239999771118164,14.020000457763672,13.96023941040039
22-07-2021,13.579999923706056,14.0,3489700,14.06999969482422,13.739999771118164,13.681431770324709
23-07-2021,13.329999923706056,13.760000228881836,3744800,13.880000114440918,13.56999969482422,13.51215648651123
26-07-2021,13.630000114440918,13.649999618530272,4073300,14.260000228881836,14.25,14.189258575439451
27-07-2021,13.93000030517578,14.149999618530272,3708400,14.1899995803833,14.0600004196167,14.00006866455078
28-07-2021,13.59000015258789,14.140000343322754,8385700,14.329999923706056,13.770000457763672,13.711304664611816
29-07-2021,13.960000038146973,14.0,4107100,14.449999809265137,14.369999885559082,14.308746337890623
30-07-2021,13.670000076293944,14.25,6185200,14.3100004196167,13.8100004196167,13.751133918762209
02-08-2021,13.649999618530272,13.8100004196167,4291100,14.5600004196167,13.65999984741211,13.601773262023926
03-08-2021,13.25,13.619999885559082,4739000,13.760000228881836,13.710000038146973,13.651559829711914
04-08-2021,12.880000114440918,13.380000114440918,4714300,13.489999771118164,12.920000076293944,12.864927291870115
05-08-2021,12.93000030517578,13.0600004196167,4206400,13.460000038146973,13.15999984741211,13.103904724121094
06-08-2021,13.25,13.390000343322754,2952600,13.609999656677246,13.449999809265137,13.39266872406006
09-08-2021,12.789999961853027,13.050000190734863,2839600,13.260000228881836,13.170000076293944,13.113862037658691
10-08-2021,13.18000030517578,13.270000457763672,2751400,13.630000114440918,13.479999542236328,13.422539710998535
11-08-2021,13.140000343322754,13.34000015258789,4783000,14.010000228881836,13.8100004196167,13.751133918762209
12-08-2021,13.260000228881836,13.699999809265137,4353500,13.84000015258789,13.579999923706056,13.522113800048828
13-08-2021,13.15999984741211,13.579999923706056,4181700,13.739999771118164,13.220000267028809,13.163649559020996
16-08-2021,12.649999618530272,12.9399995803833,5991100,13.010000228881836,12.869999885559082,12.815140724182127
17-08-2021,12.449999809265137,12.760000228881836,6165000,13.09000015258789,12.609999656677246,12.556248664855955
18-08-2021,12.359999656677246,12.699999809265137,3774800,12.890000343322754,12.380000114440918,12.327229499816896
19-08-2021,11.84000015258789,12.140000343322754,5113200,12.3100004196167,12.079999923706056,12.028508186340332
20-08-2021,11.899999618530272,11.899999618530272,4141100,12.270000457763672,12.1899995803833,12.138038635253906
23-08-2021,12.479999542236328,12.600000381469728,2607700,12.720000267028809,12.579999923706056,12.526376724243164
24-08-2021,12.789999961853027,12.84000015258789,3781800,13.260000228881836,13.130000114440918,13.0740327835083
25-08-2021,12.970000267028809,13.119999885559082,2715300,13.300000190734863,13.260000228881836,13.203478813171388
26-08-2021,12.989999771118164,13.15999984741211,2497600,13.40999984741211,13.050000190734863,12.994373321533203
27-08-2021,13.220000267028809,13.229999542236328,3468100,13.779999732971191,13.6899995803833,13.63164520263672
30-08-2021,13.270000457763672,13.93000030517578,2645400,13.979999542236328,13.279999732971191,13.223392486572266
31-08-2021,13.079999923706056,13.18000030517578,4340300,13.420000076293944,13.170000076293944,13.113862037658691
01-09-2021,12.899999618530272,13.18000030517578,3614500,13.239999771118164,12.960000038146973,12.904757499694824
02-09-2021,13.119999885559082,13.149999618530272,4128300,13.470000267028809,13.31999969482422,13.263222694396973
03-09-2021,12.90999984741211,13.260000228881836,4548100,13.40999984741211,12.949999809265137,12.89479923248291
07-09-2021,12.789999961853027,12.859999656677246,6669200,13.399999618530272,13.06999969482422,13.014287948608398
08-09-2021,12.649999618530272,13.199999809265137,4803800,13.279999732971191,12.670000076293944,12.61599349975586
09-09-2021,12.489999771118164,12.529999732971191,3866600,13.039999961853027,12.720000267028809,12.665780067443848
10-09-2021,12.729999542236328,12.9399995803833,5178700,13.109999656677246,13.09000015258789,13.03420352935791
13-09-2021,13.18000030517578,13.18000030517578,5805500,13.65999984741211,13.489999771118164,13.43249797821045
14-09-2021,13.390000343322754,13.619999885559082,7244000,13.739999771118164,13.529999732971191,13.47232723236084
15-09-2021,13.670000076293944,13.739999771118164,6416500,14.380000114440918,13.920000076293944,13.860665321350098
16-09-2021,13.529999732971191,13.869999885559082,4549100,13.93000030517578,13.8100004196167,13.751133918762209
17-09-2021,13.25,13.779999732971191,89460700,14.0,13.390000343322754,13.332924842834473
20-09-2021,12.579999923706056,12.90999984741211,6565200,13.260000228881836,12.899999618530272,12.845012664794922
21-09-2021,12.359999656677246,13.100000381469728,5654100,13.229999542236328,12.420000076293944,12.367058753967283
22-09-2021,12.369999885559082,12.739999771118164,5224800,12.960000038146973,12.380000114440918,12.327229499816896
23-09-2021,12.25,12.359999656677246,4401100,13.010000228881836,12.899999618530272,12.845012664794922
24-09-2021,12.720000267028809,12.779999732971191,2865100,13.06999969482422,12.960000038146973,12.904757499694824
27-09-2021,13.3100004196167,13.34000015258789,5656300,13.729999542236328,13.449999809265137,13.39266872406006
28-09-2021,13.390000343322754,13.710000038146973,5745400,13.81999969482422,13.4399995803833,13.382710456848145
29-09-2021,13.210000038146973,13.31999969482422,2752700,13.489999771118164,13.369999885559082,13.31300926208496
30-09-2021,13.06999969482422,13.350000381469728,3808300,13.460000038146973,13.109999656677246,13.054117202758787
01-10-2021,13.06999969482422,13.170000076293944,3686100,13.550000190734863,13.479999542236328,13.422539710998535
04-10-2021,13.619999885559082,13.720000267028809,5990300,14.06999969482422,13.6899995803833,13.63164520263672
05-10-2021,13.710000038146973,13.890000343322754,6323300,14.279999732971191,14.1899995803833,14.12951374053955
06-10-2021,13.470000267028809,13.850000381469728,5385800,14.09000015258789,13.710000038146973,13.651559829711914
07-10-2021,13.75,13.8100004196167,2952100,14.199999809265137,14.06999969482422,14.010025024414062
08-10-2021,14.25,14.25,3193000,14.6899995803833,14.619999885559082,14.5576810836792
11-10-2021,14.520000457763672,14.81999969482422,3904100,15.119999885559082,14.529999732971191,14.468064308166504
12-10-2021,14.380000114440918,14.449999809265137,3532400,14.75,14.550000190734863,14.487979888916016
13-10-2021,14.1899995803833,14.369999885559082,2319700,14.539999961853027,14.420000076293944,14.35853385925293
14-10-2021,14.479999542236328,14.65999984741211,2611500,14.779999732971191,14.619999885559082,14.5576810836792
15-10-2021,14.760000228881836,14.869999885559082,2727700,15.100000381469728,14.989999771118164,14.926103591918944
18-10-2021,14.75,14.93000030517578,3468300,15.289999961853027,14.93000030517578,14.86635971069336
19-10-2021,14.720000267028809,15.020000457763672,5465800,15.40999984741211,15.350000381469728,15.28456974029541
20-10-2021,15.119999885559082,15.239999771118164,2938800,15.5,15.5,15.433930397033691
21-10-2021,14.550000190734863,15.34000015258789,4413900,15.369999885559082,14.75,14.687127113342283
22-10-2021,14.59000015258789,14.729999542236328,2615100,14.93000030517578,14.890000343322754,14.826530456542969
25-10-2021,14.59000015258789,15.09000015258789,3973400,15.229999542236328,14.65999984741211,14.59751033782959
26-10-2021,14.550000190734863,14.729999542236328,3735300,14.989999771118164,14.600000381469728,14.537766456604004
27-10-2021,14.260000228881836,14.550000190734863,6477500,15.850000381469728,14.649999618530272,14.587553024291992
28-10-2021,14.359999656677246,14.510000228881836,3891600,14.779999732971191,14.739999771118164,14.677169799804688
29-10-2021,14.010000228881836,14.720000267028809,4080500,14.8100004196167,14.020000457763672,13.96023941040039
01-11-2021,14.199999809265137,14.199999809265137,4670800,14.75,14.380000114440918,14.31870460510254
02-11-2021,14.130000114440918,14.220000267028809,2466600,14.470000267028809,14.449999809265137,14.388405799865724
03-11-2021,14.1899995803833,14.229999542236328,3756600,14.729999542236328,14.5600004196167,14.497937202453612
04-11-2021,14.329999923706056,14.859999656677246,5827200,15.390000343322754,14.710000038146973,14.647297859191896
05-11-2021,14.649999618530272,15.0,2501200,15.15999984741211,14.65999984741211,14.59751033782959
08-11-2021,14.68000030517578,14.8100004196167,3729000,15.130000114440918,14.890000343322754,14.826530456542969
09-11-2021,14.420000076293944,14.890000343322754,2834600,14.960000038146973,14.949999809265137,14.886274337768556
10-11-2021,14.130000114440918,14.850000381469728,2546400,14.960000038146973,14.149999618530272,14.08968448638916
11-11-2021,13.93000030517578,14.119999885559082,2776000,14.260000228881836,13.979999542236328,13.920409202575684
12-11-2021,13.6899995803833,13.880000114440918,2799700,13.989999771118164,13.760000228881836,13.70134735107422
15-11-2021,13.359999656677246,13.699999809265137,5364000,13.699999809265137,13.380000114440918,13.32296657562256
16-11-2021,13.3100004196167,13.420000076293944,4779700,13.760000228881836,13.510000228881836,13.452412605285645
17-11-2021,12.739999771118164,13.229999542236328,4365700,13.350000381469728,12.81999969482422,12.765353202819824
18-11-2021,12.369999885559082,12.949999809265137,5107200,12.970000267028809,12.56999969482422,12.516419410705566
19-11-2021,11.859999656677246,12.199999809265137,7777700,12.3100004196167,12.029999732971191,11.978720664978027
22-11-2021,11.90999984741211,12.010000228881836,4906300,12.289999961853027,12.09000015258789,12.03846549987793
23-11-2021,12.369999885559082,12.369999885559082,6258800,13.15999984741211,12.920000076293944,12.864927291870115
24-11-2021,12.760000228881836,12.770000457763672,3387100,13.079999923706056,12.869999885559082,12.815140724182127
26-11-2021,11.949999809265137,11.979999542236328,4073200,12.520000457763672,12.489999771118164,12.436759948730469
29-11-2021,12.420000076293944,12.859999656677246,5688700,12.949999809265137,12.449999809265137,12.396930694580078
30-11-2021,11.859999656677246,12.149999618530272,5564400,12.279999732971191,11.920000076293944,11.869190216064451
01-12-2021,11.68000030517578,12.300000190734863,7230200,12.43000030517578,11.729999542236328,11.679999351501465
02-12-2021,11.460000038146973,11.68000030517578,4587900,12.31999969482422,12.1899995803833,12.1899995803833
03-12-2021,11.779999732971191,12.43000030517578,3659400,12.4399995803833,11.859999656677246,11.859999656677246
06-12-2021,11.989999771118164,12.130000114440918,3267800,12.609999656677246,12.399999618530272,12.399999618530272
07-12-2021,12.529999732971191,12.59000015258789,4794500,13.100000381469728,13.029999732971191,13.029999732971191
08-12-2021,12.989999771118164,13.09000015258789,4118900,13.369999885559082,13.359999656677246,13.359999656677246
09-12-2021,13.119999885559082,13.260000228881836,3921100,13.5600004196167,13.520000457763672,13.520000457763672
10-12-2021,13.40999984741211,13.829999923706056,4022500,13.960000038146973,13.670000076293944,13.670000076293944
13-12-2021,13.0600004196167,13.390000343322754,3519600,13.529999732971191,13.06999969482422,13.06999969482422
14-12-2021,13.229999542236328,13.460000038146973,6309300,13.859999656677246,13.369999885559082,13.369999885559082
15-12-2021,12.640000343322754,13.260000228881836,4195200,13.359999656677246,13.18000030517578,13.18000030517578
16-12-2021,13.170000076293944,13.40999984741211,3339300,13.670000076293944,13.199999809265137,13.199999809265137
17-12-2021,12.640000343322754,13.050000190734863,8042400,13.31999969482422,13.260000228881836,13.260000228881836
20-12-2021,12.460000038146973,12.81999969482422,3013100,13.119999885559082,12.8100004196167,12.8100004196167
21-12-2021,12.960000038146973,12.960000038146973,2482200,13.5,13.40999984741211,13.40999984741211
22-12-2021,13.130000114440918,13.3100004196167,1710500,13.640000343322754,13.539999961853027,13.539999961853027
23-12-2021,13.5,13.56999969482422,1829300,13.739999771118164,13.520000457763672,13.520000457763672
27-12-2021,13.229999542236328,13.520000457763672,1982400,13.68000030517578,13.609999656677246,13.609999656677246
28-12-2021,13.470000267028809,13.630000114440918,1610100,13.890000343322754,13.65999984741211,13.65999984741211
29-12-2021,13.489999771118164,13.670000076293944,2403700,13.859999656677246,13.65999984741211,13.65999984741211
30-12-2021,13.43000030517578,13.640000343322754,2323300,13.84000015258789,13.510000228881836,13.510000228881836
31-12-2021,13.399999618530272,13.5,1612200,13.6899995803833,13.550000190734863,13.550000190734863
03-01-2022,13.619999885559082,13.699999809265137,3116700,14.449999809265137,14.390000343322754,14.390000343322754
04-01-2022,14.520000457763672,14.609999656677246,3802700,15.220000267028809,14.770000457763672,14.770000457763672
05-01-2022,14.600000381469728,14.869999885559082,3074500,15.199999809265137,14.609999656677246,14.609999656677246
06-01-2022,14.760000228881836,15.079999923706056,2702600,15.199999809265137,14.770000457763672,14.770000457763672
07-01-2022,14.649999618530272,14.800000190734863,2264900,15.119999885559082,15.079999923706056,15.079999923706056
10-01-2022,14.880000114440918,15.109999656677246,2682000,15.220000267028809,15.210000038146973,15.210000038146973
11-01-2022,15.130000114440918,15.289999961853027,3763300,15.989999771118164,15.970000267028809,15.970000267028809
12-01-2022,15.630000114440918,15.920000076293944,3238300,16.110000610351562,15.84000015258789,15.84000015258789
13-01-2022,15.84000015258789,15.9399995803833,4439600,16.440000534057617,16.209999084472656,16.209999084472656
14-01-2022,16.1200008392334,16.1200008392334,4791700,16.540000915527344,16.520000457763672,16.520000457763672
18-01-2022,16.110000610351562,16.68000030517578,3504600,16.760000228881836,16.299999237060547,16.299999237060547
19-01-2022,15.960000038146973,16.559999465942383,2949500,16.559999465942383,16.209999084472656,16.209999084472656
20-01-2022,15.989999771118164,16.020000457763672,2966800,16.700000762939453,16.06999969482422,16.06999969482422
21-01-2022,15.350000381469728,15.920000076293944,3867100,15.949999809265137,15.43000030517578,15.43000030517578
24-01-2022,14.670000076293944,14.899999618530272,4419400,15.619999885559082,15.579999923706056,15.579999923706056
25-01-2022,15.109999656677246,15.479999542236328,5333900,16.6299991607666,16.549999237060547,16.549999237060547
26-01-2022,16.270000457763672,16.799999237060547,4512000,16.989999771118164,16.530000686645508,16.530000686645508
27-01-2022,16.239999771118164,16.81999969482422,6222600,17.200000762939453,16.600000381469727,16.600000381469727
28-01-2022,16.350000381469727,16.350000381469727,5834800,17.1299991607666,16.770000457763672,16.770000457763672
31-01-2022,16.079999923706055,16.610000610351562,4316700,16.81999969482422,16.420000076293945,16.420000076293945
01-02-2022,16.309999465942383,16.3700008392334,7687100,17.25,17.209999084472656,17.209999084472656
02-02-2022,17.049999237060547,17.15999984741211,5237400,17.579999923706055,17.5,17.5
03-02-2022,17.219999313354492,17.489999771118164,6219400,17.700000762939453,17.65999984741211,17.65999984741211
04-02-2022,15.960000038146973,16.420000076293945,15176500,17.030000686645508,16.209999084472656,16.209999084472656
07-02-2022,15.40999984741211,15.56999969482422,6214200,16.1299991607666,15.90999984741211,15.90999984741211
08-02-2022,15.3100004196167,15.550000190734863,6054500,15.899999618530272,15.720000267028809,15.720000267028809
09-02-2022,15.739999771118164,15.84000015258789,3293700,16.34000015258789,16.270000457763672,16.270000457763672
10-02-2022,16.010000228881836,16.1200008392334,4659200,16.780000686645508,16.350000381469727,16.350000381469727
11-02-2022,16.270000457763672,16.43000030517578,4111300,17.34000015258789,17.25,17.25
